<?xml version="1.0" encoding="UTF-8"?>
<project-private xmlns="http://www.netbeans.org/ns/project-private/1">
    <editor-bookmarks xmlns="http://www.netbeans.org/ns/editor-bookmarks/2" lastBookmarkId="0"/>
    <open-files xmlns="http://www.netbeans.org/ns/projectui-open-files/2">
        <group>
            <file>file:/C:/Users/Dariel/Downloads/Gimnasio.BACKUP/Gimnasio.BACKUP/src/gimnasio/GestorDeInstancias.java</file>
            <file>file:/C:/Users/Dariel/Downloads/Gimnasio.BACKUP/Gimnasio.BACKUP/src/gimnasio/ModuloRecreacion.java</file>
            <file>file:/C:/Users/Dariel/Downloads/Gimnasio.BACKUP/Gimnasio.BACKUP/src/gimnasio/Designs/WindowsAuditorioFitnes.java</file>
            <file>file:/C:/Users/Dariel/Downloads/Gimnasio.BACKUP/Gimnasio.BACKUP/src/gimnasio/Designs/WindowsSalasDeRecreacion.java</file>
            <file>file:/C:/Users/Dariel/Downloads/Gimnasio.BACKUP/Gimnasio.BACKUP/src/gimnasio/Gimnasio.java</file>
        </group>
    </open-files>
</project-private>
