<?xml version="1.0" encoding="UTF-8"?>
<project-private xmlns="http://www.netbeans.org/ns/project-private/1">
    <editor-bookmarks xmlns="http://www.netbeans.org/ns/editor-bookmarks/2" lastBookmarkId="0"/>
    <open-files xmlns="http://www.netbeans.org/ns/projectui-open-files/2">
        <group>
            <file>file:/C:/Users/XPC/Documents/NetBeansProjects/Gimnasio%20-%20copia/src/gimnasio/Gimnasio.java</file>
            <file>file:/C:/Users/XPC/Documents/NetBeansProjects/Gimnasio%20-%20copia/src/gimnasio/MainWindows.java</file>
            <file>file:/C:/Users/XPC/Documents/NetBeansProjects/Gimnasio%20-%20copia/src/gimnasio/ModuloClaseGrupales.java</file>
            <file>file:/C:/Users/XPC/Documents/NetBeansProjects/Gimnasio%20-%20copia/src/gimnasio/Parqueo.java</file>
            <file>file:/C:/Users/XPC/Documents/NetBeansProjects/Gimnasio%20-%20copia/src/gimnasio/SalaPesas.java</file>
            <file>file:/C:/Users/XPC/Documents/NetBeansProjects/Gimnasio%20-%20copia/src/gimnasio/Socio.java</file>
            <file>file:/C:/Users/XPC/Documents/NetBeansProjects/Gimnasio%20-%20copia/src/gimnasio/ClaseGrupal.java</file>
            <file>file:/C:/Users/XPC/Documents/NetBeansProjects/Gimnasio%20-%20copia/src/gimnasio/CabinaInsonorizada.java</file>
            <file>file:/C:/Users/XPC/Documents/NetBeansProjects/Gimnasio%20-%20copia/src/gimnasio/Auditorio.java</file>
            <file>file:/C:/Users/XPC/Documents/NetBeansProjects/Gimnasio%20-%20copia/src/gimnasio/ModuloAuditorio.java</file>
        </group>
    </open-files>
</project-private>
